street,city,state,date
Tiled Highway,Dafridef,NE,06/12/2043
Tibuh Path,Zivoote,ID,07/21/1929
Watam View,Cigozrof,VT,12/25/1985
Guidu Square,Setcodo,GA,02/12/2015
Jipwu Terrace,Owowaliw,IA,09/06/1958
Evlab Place,Kuvichuv,ND,05/05/2058
Kojud Drive,Copupgov,AL,01/14/2024
Rufase Court,Mevfezo,MS,02/16/1904
Faol Key,Diwcivud,HI,03/04/2019
Runzi Boulevard,Bavgacow,CO,01/08/1926
Tazhu Avenue,Ujufedus,IL,01/09/1955
Huro Mill,Jabujamo,WV,11/15/1969
Hiiwe Circle,Ukzopul,AL,10/30/1916
Gahmap Glen,Nilaaja,NC,03/10/1907
Retede Heights,Zefatvu,AZ,04/07/1900
Karot Extension,Ashifal,CO,06/05/2040
Dojpa Extension,Cifedil,NM,09/26/1988
Wadni Pike,Harjihit,NC,01/28/2018
Tide Point,Liucwi,MO,11/06/1945
Ligak Terrace,Vereniko,FL,08/14/2063
Gobku Extension,Ohalalrug,MT,08/24/1914
Cefaj Turnpike,Asmaiwu,UT,08/19/1941
Rotac River,Irboweb,KY,12/21/1917
Bovpa Pass,Etufiko,TN,05/13/2056
Nioj Manor,Daivah,AL,12/22/2020
Tenpu Loop,Tuvseaki,MA,11/17/1907
Udvaf Loop,Tazumezu,WY,04/28/1960
Lanlan Avenue,Tebnefa,GA,07/20/2057
Jiguz Lane,Lujkijcag,UT,05/02/1983
Ruho Junction,Majuhlo,CT,08/13/1910
Cesu Trail,Sesdubap,NY,08/17/1924
Lutsu Park,Gavomek,UT,03/05/1930
Dikek Square,Sazeem,NE,06/11/1950
Melmu Grove,Tohmejup,IA,03/21/1959
Huac Grove,Cuulilec,MI,09/28/1923
Fuzaf Extension,Talizitec,WV,01/21/1907
Nivop Plaza,Pujdejak,AZ,08/11/2025
Rubsik Loop,Cepiwkip,SC,04/28/2014
Jusso Way,Wocutet,VT,02/11/1923
Luriw View,Vacimtu,AK,05/10/1930
Weza Square,Diuhuma,PA,07/25/1967
Fehfiv Plaza,Giimizew,NV,07/17/2063
Balnaf Street,Umazuvbih,RI,12/04/2016
Egoze Key,Jihuno,IA,06/15/1901
Duppe Circle,Madece,MD,06/25/1993
Gunem Turnpike,Majguhu,WY,05/17/2035
Save Trail,Foknuur,KS,11/04/1954
Kocep Turnpike,Vojijpi,PA,07/07/2006
Kivmu Key,Wifatev,IN,01/13/2070
Teji Path,Deikejiz,RI,09/25/1968
Viho Pass,Vesorceg,SD,09/24/1975
Jozrov Terrace,Gaigfok,MN,06/20/1994
Rulu Mill,Rutesbon,RI,08/13/1968
Bezu Park,Figdushop,OH,11/24/2009
Hompap Glen,Nukjumag,HI,04/30/1918
Foibe View,Lepwivik,WI,04/17/1985
Dulkug Circle,Vomlajki,NV,01/17/1945
Ofoic Junction,Wihnacat,OR,04/10/2053
Omip Way,Fusorce,MS,10/14/1956
Pedana River,Comiob,AL,06/22/1903
Ewico Junction,Dobsukad,VT,11/29/1978
Udki Parkway,Igunufa,TX,06/26/1977
Posgac View,Zomivoj,SD,08/12/1992
Ilco Place,Kaldakriv,AL,04/30/2067
Wuun Drive,Getgazale,ME,05/27/1954
Sesa Circle,Tikajucok,OH,08/01/2040
Wecle Center,Kiokwi,MT,04/08/1945
Saik Trail,Nopfiav,WV,02/25/1935
Bewur Lane,Sozeran,CA,11/30/2033
Hisno Boulevard,Ezamasa,HI,05/15/1925
Totig Plaza,Gigeruw,NM,12/08/1950
Mughu River,Lowcozel,MT,09/18/2000
Zubebi Point,Wasebaco,MI,03/16/1912
Jagu View,Woiwepu,NY,07/18/1914
Voreb Path,Ereezega,NH,09/01/1911
Janu Place,Teholew,ID,02/20/2034
Vaob Court,Camfulij,AK,08/29/1972
Siaze Road,Fitnurpe,KS,11/14/1938
Pifva Way,Ulpuzuku,CT,01/16/1903
Sigoz Drive,Jozcoiko,SC,06/08/2011
Zodad Mill,Corzovir,HI,02/04/2037
Kula Trail,Kunosi,NV,10/12/1974
Pazme Heights,Zogwuva,NJ,09/29/1938
Relget Glen,Dureci,AK,12/20/1937
Ivues Center,Nalgucma,HI,08/29/1989
Efovem Parkway,Cebmekko,OR,09/14/2047
Bebkeh Way,Jepiceew,VT,07/14/1952
Hovo Road,Dobejvev,AL,05/04/2006
Gurle Glen,Ucesevi,KS,05/07/1975
Gagbus Terrace,Repurzaf,HI,12/24/2038
Hefo Highway,Noscout,MS,09/19/2033
Vitde Place,Pajicug,NH,04/20/2017
Comvi Glen,Hikpofzi,AR,11/22/2049
Salsaw Road,Udginiba,MI,02/18/2051
Hatjam River,Vucopre,FL,12/20/2013
Buzuh Ridge,Niizsi,MO,07/27/1953
Ebuve Court,Rewuzrid,WI,05/07/2060
Tulo Path,Eszupgek,OR,12/29/1946
Vozco Loop,Bohufen,TN,03/16/1943
Izla Square,Ifofena,AL,11/23/2040
Goba Center,Saleldob,UT,07/22/1916
Dejdo Point,Hoblorpa,LA,02/01/2004
Tujeko Grove,Juelipum,DE,03/07/2058
Wusbej Lane,Mipazede,DC,05/11/1908
Fute Mill,Gupcamde,NE,02/05/2007
Dapuc Grove,Joecneg,ME,02/26/1926
Hujwa Extension,Ijkepo,MI,01/02/1975
Lehos Junction,Popribtoc,SD,11/26/1924
Roumo Drive,Midotror,LA,01/13/2035
Meta Trail,Mebesuk,MI,04/16/1984
Humut Circle,Zapotti,AZ,03/20/1949
Beew Loop,Vizukfob,VT,03/21/1933
Jukiw Avenue,Zavuomo,RI,08/07/1936
Zakef Heights,Guamobic,WA,10/25/2016
Nukit Ridge,Jogorlob,NC,06/30/1910
Jormu Boulevard,Guodka,ID,05/02/2011
Tezuf Place,Zattama,WY,10/18/1906
Avadit Center,Capilze,VA,07/16/1979
Jigi Extension,Patako,MD,04/18/2043
Anzac Court,Wapenib,NE,09/14/1901
Elti Manor,Kasbupof,OH,08/07/2029
Ubkif Drive,Bemora,WV,02/20/2017
Fucol View,Sejjabwah,WI,11/29/1955
Wotas Ridge,Jasugte,WA,03/03/2032
Venpu Parkway,Konusab,MI,11/08/2017
Muvej Terrace,Fuocres,NY,08/30/2051
Urvu Drive,Ritetiogu,TX,12/21/1943
Hirvuf Extension,Ibbotno,SC,01/10/2039
Veriri Square,Ozunutbig,OK,03/12/1940
Hima Street,Ajeotzak,IA,01/13/2015
Liva Extension,Fateloj,NM,03/04/2059
Laas Drive,Udvulze,GA,03/06/1953
Reci Heights,Jocuso,AZ,04/02/1961
Tidva Loop,Wohjaetu,OH,12/26/1999
Vephu Glen,Wegiek,AL,05/20/1911
Hufnul Drive,Tupavo,CT,11/09/1991
Dokpu Extension,Zaesode,AL,04/22/2004
Cagav Junction,Hecpolew,VT,11/05/1933
Badna Highway,Oghuiju,VT,11/17/1906
Idhu Heights,Tamfaaz,NM,01/25/1945
Zelos Key,Lawakci,CA,06/14/2045
Lavrag Ridge,Osbomro,MN,01/17/1903
Ciasa Manor,Lutirca,PA,02/10/1914
Wiwuf Manor,Jabagmit,SD,03/25/2014
Pupe Road,Vagijvi,AR,01/31/1946
Kogguv River,Pisaboma,NV,05/29/2017
Pofgal View,Tukzumgo,NC,09/03/2044
Kute Key,Kojbezim,OR,07/16/2044
Uwfa Mill,Tedbakiro,RI,03/06/2056
Hisod Path,Ohpilwa,ME,05/11/2036
Ecahe Glen,Ceniwit,MI,10/30/1932
Wavesi Path,Uceparno,UT,07/02/2007
Befek Street,Tuhwuori,KS,01/03/1926
Putku Circle,Fedodac,NV,07/06/1977
Saliv Turnpike,Neceaso,MO,04/21/1915
Avdub Heights,Lovjanhir,MA,01/16/2054
Gidoj Park,Itdeuce,KS,02/12/2023
Fakol Trail,Sawenahir,AR,10/24/2064
Sowu Turnpike,Kuomijo,WV,08/20/2014
Uvasis Street,Bibwehike,KS,05/09/2044
Damupa Turnpike,Tetsegusi,MI,03/13/2020
Nelgut Trail,Unewovu,ID,12/07/2053
Hebu Road,Lokafo,WV,03/31/2006
Itonit Mill,Zaapjej,CT,04/30/1964
Hakud Terrace,Ijduraz,NV,07/13/1939
Bajag Loop,Birenab,DC,03/12/1937
Cuvik Boulevard,Wertutod,NH,03/02/1919
Rure Junction,Japuzka,NV,02/24/1942
Nohwiz Heights,Buvducul,AL,12/03/2025
Ehunuz Extension,Ipisikaf,TN,04/11/2036
Rous Grove,Miwagha,WY,12/16/1997
Lehes Parkway,Dehezi,CA,05/16/1940
Ligib Avenue,Juupbis,MO,01/02/2042
Okni Pike,Gagziaka,MD,10/05/2068
Anaj Parkway,Izanidi,NV,04/07/2037
Fazag Terrace,Bebwuhcel,NV,05/03/1985
Koum Turnpike,Wethibi,NE,10/23/2028
Lamo Highway,Lefajha,NJ,01/11/1968
Nepus Ridge,Ugzode,NY,10/24/1995
Josat Turnpike,Adepisa,AR,06/30/2066
Vahrun Highway,Mitjalsi,ME,05/20/1933
Ovebom Drive,Tevuak,CO,08/14/1974
Karo Boulevard,Windofad,UT,05/16/1975
Zecvo Avenue,Bonkoma,HI,08/02/1903
Pezib Boulevard,Watehfiv,AK,07/15/1988
Fuhuma Street,Enijoke,TN,07/11/1963
Vowtas Way,Ciwigawu,WV,01/17/1992
Dono Junction,Tineci,MS,08/20/1934
Zinhi Center,Muwcoem,TN,06/20/1945
Girvim Highway,Hicihse,TX,01/08/2065
Pili Court,Ciijtu,RI,07/18/1946
Zajuk River,Fojwoik,ID,04/27/1983
Buca Road,Nipkadir,NC,03/09/2041
Boka Point,Decdosab,UT,08/20/2004
Sowpe Way,Idosakak,VA,07/12/1910
Buwi Junction,Nofawo,OR,04/27/2034
Zuncam Center,Fepmifoh,NY,04/30/1921
Lepu Trail,Ufizites,NM,10/26/1921
Ajco Key,Hinujiji,IA,04/05/2068
Hicze Center,Ictudo,GA,02/10/2015
Rain Plaza,Kamolvi,NE,09/07/2017
Mubva Extension,Haririf,MD,05/06/2044
Vumo Point,Baktoneze,ME,08/23/2013
Kunca Place,Zorovfu,DE,08/26/2065
Sita Key,Ratifwi,RI,03/04/1912
Cijmom Highway,Sijhocmih,CT,12/14/1925
Fota Mill,Kurnoczuf,CA,03/08/1911
Fomfiv Mill,Degmimu,CA,04/09/2016
Avmem Center,Dizirwek,AL,12/13/1959
Ratig Manor,Olsietu,ID,08/07/2003
Kudwe Glen,Docnije,AL,12/21/2004
Ozobo Street,Vetunwil,AK,05/11/2000
Keam Circle,Fezzuuj,WY,10/08/2004
Cuczoj Parkway,Lapwojoz,DE,12/09/1912
Subtu River,Radoez,NJ,08/21/1971
Unis Square,Jukuva,SD,11/22/2043
Timu Parkway,Rasdafju,RI,02/28/2063
Fogiso Square,Wofhetpen,WY,10/21/1932
Bejid Key,Rechinbe,RI,07/05/2059
Ezkat Center,Hirujelo,MD,02/05/1950
Dicu Park,Tabzopkuk,MO,10/08/2041
Vuwavi Terrace,Ifeikotan,PA,04/05/1999
Uhrip Parkway,Wongunzap,NE,09/10/1946
Gidfuf Road,Lopadvu,DE,07/03/1988
Mazpu Pike,Nilikipew,MA,05/11/1984
Bivcij Center,Miwoted,OH,10/17/1951
Wone Extension,Nelorus,IL,05/29/1943
Vahma Highway,Rissifet,DC,03/16/1976
Curom Highway,Wiftervo,NY,07/20/1936
Gickef Circle,Salkegpot,DC,09/06/2050
Vivif Lane,Hojodzum,IA,02/01/1981
Avfuw Square,Patihepof,AR,06/23/1927
Otuza Key,Ifnegfu,NH,06/23/1908
Humsab Point,Kebogpil,WI,06/28/1911
Wulo Loop,Etaipeamo,OK,08/28/1991
Zunah Pike,Olkooh,IN,06/12/1917
Upabe Circle,Pevnigam,FL,06/14/2022
Cavma River,Demvogwaj,LA,02/14/1957
Cukud View,Veicocic,NE,12/05/2009
Widdot Boulevard,Mecparfa,ME,02/27/1912
Kopnek Lane,Kurugeik,FL,08/20/1960
Siage Avenue,Vogafse,LA,11/19/2017
Dakruz Glen,Wumozvi,AZ,11/01/1978
Halti Key,Cirwufut,HI,07/05/1940
Foga Trail,Didferok,AR,04/12/1956
Boumu Glen,Jagumu,OK,02/10/1967
Higja Extension,Johmebovi,MI,06/30/1905
Acira Park,Nicazagu,NC,05/08/1982
Vulah Circle,Cegfele,OR,02/06/2020
Hobsuh Center,Ojfulo,DC,03/23/1941
Boap Loop,Gegvide,TN,09/08/1992
Opeopi Center,Turezucir,IA,08/21/2014
Tedhuz Lane,Evvucmi,NC,01/29/2048
Poji Point,Ewodela,OR,10/30/2007
Rodnuz Terrace,Ipgaba,TN,05/31/1945
Kikez Manor,Hunagow,TN,01/03/1932
Enimo Turnpike,Hujlekihe,KY,10/30/2031
Sofwiz Grove,Lefjomce,NJ,08/09/2000
Rumep Court,Zimtubma,AL,04/27/2001
Giwac Circle,Ojesunzuf,VA,12/03/2050
Voju Point,Deatupu,OH,06/14/1900
Versi Way,Ovoliza,NJ,03/01/1992
Piro Pike,Sitmuvo,CT,08/14/2006
Zago Park,Nofahufuf,OR,06/19/2062
Toiro Extension,Niomuzow,OR,03/07/2069
Akmo Highway,Walfendem,MN,05/13/2030
Jajje View,Jaukorap,AZ,07/28/1926
Gatfa Ridge,Zismupa,OR,02/22/1985
Fondup Center,Izfudzi,IA,05/20/1950
Fibuc Heights,Degleje,NM,04/01/2048
Pohem Parkway,Wiwumas,AK,10/27/2009
Meeja Avenue,Uzafedhat,PA,09/07/1978
Tejuji Court,Divini,WY,12/20/2051
Siumu Pike,Werowhi,HI,10/11/1918
Gabbif Pike,Nifvahve,PA,06/08/1917
Elare Extension,Razeoc,AK,11/10/2000
Nupim Glen,Lenakco,KS,07/04/2065
Fozo Mill,Duwmueki,AR,05/30/1950
Wumof Avenue,Lajolzik,NC,11/26/2044
Dusoc Loop,Odeneep,OH,09/10/1979
Bubni Path,Huabamo,KS,05/27/2057
Siruma Heights,Zakjemga,AZ,08/26/2068
Agies Road,Pitupigoj,PA,06/19/1919
Cuigu Way,Wihfatjet,LA,10/13/1910
Nanbu Center,Fezmurlog,MS,12/30/1932
Boazi Drive,Ijohane,MA,03/08/1976
Idimu Ridge,Avuzegdi,NC,07/29/1919
Wefot Highway,Cizisejin,KY,02/08/1992
Jome Pass,Hazotim,MT,09/26/1948
Lazebe Boulevard,Nojsufece,MO,07/02/2064
Tipi Point,Lagmuju,KY,06/26/1901
Amegid Path,Gulemu,CT,01/02/1967
Atipu Mill,Sornujere,SD,01/31/1933
Vudkac Terrace,Ruzzachib,AK,11/02/2015
Jeesa Trail,Zuhbosa,MN,06/10/2038
Esaaku Lane,Leviwig,TX,08/04/1913
Sohjop Key,Solopmic,OR,08/13/1928
Livfel Lane,Lesajul,GA,12/23/1911
Gulrop River,Mibwalu,RI,04/22/1961
Kazwi Boulevard,Apewece,CA,02/11/1937
Toco Trail,Ireimefa,MD,02/02/2020
Mepiwi Trail,Zoewni,MD,05/27/2057
Vebvih Court,Faavezu,MI,12/18/1970
Caguc Court,Zoahito,NV,10/24/2030
Uzoha Extension,Hoopuga,CT,09/02/2022
Jomomo Plaza,Nevuna,ME,04/03/1916
Fudnu Glen,Zucepaodo,LA,10/29/1961
Awih Circle,Azpogik,NV,02/03/2052
Vocri View,Buadag,IN,02/11/2020
Moctuw Drive,Cafrima,OR,09/04/2050
Laola View,Pegoafe,VT,01/19/1991
Rujbe Court,Laurko,AL,12/27/2057
Ikoewi Trail,Ajojuduv,ID,03/19/1962
Isovof Center,Cidsovup,MN,05/31/2025
Hepuda Glen,Javandeh,IN,11/29/2022
Tutaw Pass,Migongo,MO,06/24/2029
Egvu Park,Pagmohalu,OR,09/06/2033
Faho Pass,Etamaohu,SD,05/25/1958
Poeji Heights,Mimodbav,PA,12/04/1995
Gobhe Extension,Kebgelar,CO,09/12/1947
Nevmos Way,Anuerepeg,MD,05/04/2026
Rufmi Avenue,Dihjejena,KY,03/26/2066
Ujazoc Circle,Homkujmul,MS,12/24/2027
Towal Loop,Papatjoh,IA,11/17/1960
Dudum Extension,Athelaj,WY,01/14/2067
Ituho Plaza,Womvizi,NE,07/24/1951
Zuoca Avenue,Jonsarzir,SD,07/11/1963
Jetir Heights,Kilunrog,HI,10/05/1978
Joknoh Trail,Coewwib,UT,08/04/1953
Lenva Ridge,Reweted,MI,10/08/1973
Novec Road,Cadusjo,MT,06/02/2020
Oreli Point,Ilouguvep,WA,03/30/1930
Sepuc Drive,Haliraw,MT,05/29/2029
Cactak Plaza,Mehsiaji,MA,05/25/1993
Dumne Road,Zenekzi,SC,06/20/1966
Gucha Plaza,Ijulta,NH,12/11/1970
Dejno Turnpike,Ketarufev,WI,04/11/1932
Hosfu Circle,Zasasam,NM,03/08/2004
Wieda Parkway,Osuluzpow,OK,04/03/1976
Liovu Park,Okilahmeb,IA,01/16/1982
Arlav Road,Ordahev,DE,07/27/2016
Minmav Key,Tipuhuw,WY,05/23/1997
Guno Road,Puewago,WY,04/23/1911
Fegoh Circle,Ikuihebu,WA,06/15/2053
Ihnu Boulevard,Zubcerod,KY,06/23/1989
Fogaz Lane,Gurohu,NV,10/13/2068
Meit Grove,Giwume,NV,06/02/1942
Duede Turnpike,Dubvuedo,WA,06/09/2036
Oweala Pike,Useabuwi,HI,11/13/1973
Lejdu Plaza,Nupuzo,MD,03/28/1950
Gebak Drive,Tejutdo,UT,09/25/2022
Caide Parkway,Sevkedus,IL,04/12/1961
Kisfek Junction,Kiginvu,KS,07/23/1902
Uwuen Court,Cutuse,NC,03/28/2008
Wecgac Pass,Odofeoh,CT,05/03/2017
Jepo River,Monvenre,MS,03/25/1905
Edeapo Drive,Epuwokcu,WA,11/28/1913
Posec Circle,Ipuzazad,HI,01/29/2009
Vobut Parkway,Gosnuode,MD,11/01/2010
Vebnij Plaza,Lijbaan,ME,09/01/1950
Matoke Plaza,Dageteb,KS,09/03/2042
Wicol View,Kogdaksi,SC,03/01/2023
Vuja Court,Cipeaw,TN,12/20/1914
Ofiowe Heights,Akujhil,RI,09/09/1977
Etaha Point,Akelaal,HI,05/16/1908
Kotbu Street,Watoliz,AZ,11/01/1972
Nettew Mill,Pegroaw,RI,10/28/2069
Wefvaw Trail,Zuptuvpa,WV,08/07/2020
Cuhoj Parkway,Comozop,NE,11/13/1967
Isuho View,Tivpaez,MO,07/01/2058
Tavom Circle,Hobifetus,NE,04/19/1943
Nojlav Trail,Ozibuzuvo,GA,12/17/2050
Werdos Loop,Hijuwbu,AK,07/26/1971
Fidehe Heights,Vucogkim,AL,10/03/1997
Amereg Mill,Papvaro,CA,04/27/1955
Rogrol Path,Giwpinut,AR,08/15/1913
Zalu Loop,Maalle,UT,09/04/1985
Cuzi Pass,Mecrokriv,VA,07/26/1976
Lelbe Center,Ronfunta,SD,12/11/2054
Wotjig Mill,Inuopesa,SC,05/25/2025
Faznez Road,Tigujilum,OH,04/09/1928
Sowof Avenue,Gugiwlu,ID,10/17/1995
Pijnaj Extension,Pubizgi,IN,08/01/1921
Kuji Place,Iveupiceb,HI,02/18/2063
Okeba View,Vuzabesem,OH,07/18/1903
Pego Avenue,Mavjolit,NH,10/17/2006
Zihno Way,Kijzotop,MS,04/26/1943
Kazme Glen,Lerauza,CA,04/23/1965
Woof Pike,Hipelous,NE,07/03/2013
Tazse Park,Adiddic,VT,02/18/1965
Rappav River,Vibrumin,NV,05/26/1923
Kola Way,Kiruhzez,TX,06/28/1955
Kudrar Path,Hamawoav,LA,02/06/1913
Oroisa Ridge,Duvijvaj,WI,12/29/2003
Ganan Center,Hohnehis,SC,09/28/2057
Netev Lane,Senitefo,MS,10/30/1908
Icnu Key,Wuzrigkel,RI,01/30/1961
Nuna Junction,Zidhuztok,FL,07/21/1929
Adecub Circle,Ziwpibov,PA,12/31/1921
Dago Mill,Regsitel,ID,11/29/1972
Luuni Center,Mizuca,MT,12/17/2032
Roru Highway,Eduabpi,VT,09/27/1922
Hiis Plaza,Ojfagro,DE,02/05/2004
Robe Road,Gamioz,LA,06/08/1938
Ukane Ridge,Sijnevwe,VA,02/19/2001
Kanmeg Manor,Roriuci,PA,03/11/2058
Vipum Ridge,Pozbimzuj,AL,10/03/1924
Doso Circle,Gaknuiw,MI,06/10/2067
Luzag Glen,Lobfeksap,OH,09/11/2062
Dikno Lane,Bigajep,MO,01/02/1963
Iruunu Center,Fazobo,VT,04/22/1932
Mazif Glen,Hezafgu,KS,02/12/1917
Rago Heights,Forigi,SD,03/09/2021
Zabci View,Fosritoj,KS,12/20/1922
Salidi River,Kacotup,OK,11/17/1902
Ibgut Pike,Bermiku,IN,04/05/1907
Vebah Terrace,Pukiraf,OK,02/02/1947
Himde Circle,Tejuve,NH,06/29/2033
Loca Key,Sotbihje,IA,01/21/2049
Jumle Highway,Famevo,MS,08/07/1932
Pinavo Way,Hujiwep,DC,07/31/2052
Savaki Center,Vezufdu,NJ,08/09/2027
Ajri Circle,Timbugcaw,TX,05/19/2063
Mela Boulevard,Roroldu,AK,08/27/1906
Fomtiz Drive,Sehpafkib,NV,10/25/2058
Wofhe Boulevard,Kigiwi,MT,10/17/2017
Siri Loop,Wiasus,KY,05/22/2032
Ilis Pike,Zigubi,ID,02/12/1931
Omwo Pass,Mobiwu,TN,04/01/1949
Othu Parkway,Puiwatef,MI,02/16/1979
Nedo Street,Losijak,UT,06/26/2046
Muse Avenue,Retnuvsoh,KS,06/29/1981
Savem Drive,Zapunu,NV,03/07/2043
Magsoz Circle,Gipgemeh,IL,09/07/1940
Recur Court,Racoeja,PA,03/25/1999
Eklih Turnpike,Nikcipwal,VA,07/17/1970
Sova Junction,Ewsuuku,SD,01/08/2042
Okgi Path,Etuvazez,NC,08/22/2008
Fozpu Junction,Tupipap,ID,03/25/1959
Gembiv Turnpike,Sicuvo,RI,10/03/2067
Meci Mill,Jenenpe,OH,07/14/1919
Veahe Boulevard,Cepici,AK,12/16/1926
Cemco Highway,Ifuwuror,MS,12/14/2070
Urij Path,Viibpic,FL,10/27/2022
Duhi Glen,Wepzahus,MD,03/25/2024
Fenlow Avenue,Buhrappu,MN,07/17/2053
Fihozi Heights,Semlepbob,NY,02/02/2070
Wice Lane,Sucgawfi,UT,05/23/1960
Macad Way,Sebitidi,RI,03/04/1946
Filif Manor,Akbohdi,DC,01/12/1915
Puvom River,Upelamo,SD,06/16/1992
Vauk Place,Bovuzo,NM,03/10/2032
Gegi Glen,Marfofu,OH,05/29/2008
Eble Pike,Wistontul,NY,03/18/1981
Zujuco Path,Hotjawgo,SC,01/03/1907
Musdel Plaza,Esajiho,VT,07/06/2012
Casid Plaza,Ikugirug,NV,10/22/2038
Titpah Place,Escodsof,OH,01/20/1901
Caras Court,Epbueh,NJ,02/14/1934
Beboz Path,Utehce,MO,07/17/2016
Lojkol Lane,Zapzupgi,NE,06/12/1982
Digle Place,Ivabunip,PA,09/16/2048
Buske Point,Cahoecu,MA,08/06/1961
Mijow Lane,Ulhajla,AR,04/04/2056
Gasla Grove,Fuvjozju,WA,07/25/1931
Gowwuh Plaza,Iwatorvid,CT,05/22/1974
Zenhu Glen,Kezacemin,RI,08/24/1955
Seruh Center,Zomlage,AK,01/08/2000
Gutul Point,Tazagvun,NM,09/23/1901
Tugno Place,Micageva,AL,11/11/1990
Bivu Turnpike,Tegtuju,CO,09/01/1920
Facel Pass,Dubfuvzo,MT,08/02/1963
Tare Center,Kosega,CT,12/22/1945
Bulzo Path,Fimatani,MA,02/17/1963
Aziv Pike,Ifanakpef,CA,09/19/2070
Vuwcal Drive,Mambugife,SC,10/20/2029
Ofazut Manor,Donvoham,MS,12/28/1921
Durag View,Fogfibusi,CT,04/05/2003
Beta Pike,Bozzura,MO,06/10/2040
Ohakoz Glen,Lafaltu,NJ,03/13/1982
Zezo Junction,Figlepum,RI,07/02/1989
Kowo Trail,Zujjuac,MT,10/21/1969
Hinuc River,Doceczi,GA,05/01/2041
Aveli Boulevard,Saucodok,KY,01/09/2005
Tobkez Glen,Lofsawhus,FL,04/18/1902
Tiro Highway,Ugojaaz,KY,10/25/1941
Ifub Plaza,Movkiloj,WA,02/11/2070
Lalu Point,Sekovzi,OK,08/29/2029
Hefhe Turnpike,Paihoato,CO,03/21/2061
Jehvud Court,Loniblu,MN,05/10/1909
Tizgi Mill,Ovubiboma,KS,11/14/1913
Jedcaj Circle,Detpeutu,NY,12/11/2014
Wuiw Grove,Bukfouv,DC,02/22/1982
Wocda Terrace,Nibirho,MO,03/29/1931
Ovwuv Terrace,Vewkirpa,CO,04/06/2022
Fecvi Junction,Gusauru,OR,09/12/1934
Uvdek Highway,Uhucikadi,NE,01/09/2061
Ohki Turnpike,Sezawso,SD,08/21/2029
Pido Pass,Usuujda,OR,11/20/1958
Mouru Pass,Uwoazapi,WI,08/02/1902
Ceta Ridge,Tiezaget,TN,07/16/1928
Icomu Highway,Gokusku,RI,07/25/1911
Movuw Point,Bovlaari,ME,01/11/1908
Vurpo River,Ceenavod,NM,06/20/1919
Kogak Extension,Achofec,KS,10/18/2055
Cofko Manor,Zodaviv,KY,12/21/1971
Rabaw Ridge,Perhume,FL,08/13/1947
Nacdon Heights,Cokguhzo,NE,08/06/2046
Poune Path,Eknigwi,GA,03/04/2028
Ecfu Pass,Ulabikel,CO,06/20/2069
Coas Lane,Atikamuv,OK,09/11/1915
Juli Drive,Huofiw,MA,12/03/1941
Rajes Plaza,Bazfuje,DC,12/21/1999
Gici Circle,Tomavaba,NC,06/09/2045
Ulsuh Trail,Beuhado,WA,02/28/2051
Kiwcaf Mill,Violuna,CT,09/28/1933
Hefel Square,Velpeuh,WY,09/02/2018
Kikvi Loop,Murjesfe,AZ,02/04/1923
Divob Trail,Ucurobi,WV,05/24/1902
Nemdob Trail,Vedakot,WV,12/14/1925
Baked View,Molaca,HI,06/23/1921
Wehmar Manor,Gizisaj,ME,05/03/1922
Mide Lane,Hiluze,DE,02/23/2021
Idjor Boulevard,Bawgesmis,ME,08/12/2030
Sinfu Pass,Favgutban,NV,04/07/1928
Zazbaf Glen,Sisugpud,MS,09/17/1962
Bidud Highway,Itulzur,KY,01/16/1960
Lahi Road,Duwhuzo,ND,04/16/2046
Apupe Plaza,Hecuvvov,NC,08/18/1964
Gefucu Turnpike,Hugowo,CA,03/02/2006
Gevosa Square,Pateruri,OH,08/30/1902
Guwi Pike,Zitgifi,VT,06/14/2031
Gavlop Drive,Hobjupca,NV,03/05/1921
Tebgu Grove,Rokgosbet,VT,09/21/2011
Nazuk Key,Bauwho,MS,09/19/2039
Pesuv Street,Utsislu,CO,03/27/1958
Jamuf Way,Ratudpab,OK,08/23/1963
Mukav Square,Akirersa,NV,02/12/1976
Onkor Heights,Sanihid,NE,07/19/2055
Tirlo Mill,Dahvifnaf,MS,01/18/1904
Kugifi Square,Nudcana,DE,09/12/2056
Umera Turnpike,Doomipo,WV,06/20/1979
Dubzi Avenue,Gofarow,WA,09/08/1964
Ogip Way,Mudelar,IN,03/07/2000
Mivka Way,Wuvavbi,AZ,08/12/2067
Ilotul Ridge,Tikomag,NH,02/23/1926
Bosij Avenue,Konpazud,NE,06/06/1913
Bapber Pass,Gahjaptu,KS,11/18/2069
Vowelo Way,Jipogme,TN,08/13/2032
Ecuuro Place,Fawetkid,WA,01/13/1962
Fihju Key,Amofecos,SC,10/10/1969
Vouno View,Fefoze,ID,05/17/2024
Abuv Boulevard,Lohjuro,VA,02/05/2058
Pilep Court,Vekboltuc,TN,11/07/1902
Othe Terrace,Upuzerket,TN,03/30/1973
Tirwin Park,Uzsezug,NH,12/18/2021
Gatne Road,Heretbet,AR,10/18/1962
Defar View,Suhrano,LA,06/23/2030
Efnu Circle,Ojnovmi,MN,04/24/1993
Hewwaz Path,Wielze,SD,06/05/2005
Ofig Junction,Pometimo,AL,02/02/2005
Imced Grove,Vivusir,VA,07/04/1986
Gurben Lane,Jihpiptat,AL,07/22/1977
Dagreg Junction,Lohecta,OH,02/15/2062
Nicfow Highway,Nuwuude,DC,05/08/2036
Rewmis Terrace,Hismowife,UT,06/26/2045
Ruvaho River,Papulo,HI,09/04/1938
Ohien Avenue,Gimkaura,AR,12/14/1905
Jepef Drive,Tinnafnag,MD,10/04/2063
Nuwmut Court,Fodiwhos,NC,10/10/2069
Kegwas Park,Sepruvfim,AR,06/01/1935
Biug Glen,Bejcunduj,NE,06/30/2017
Jebvo Road,Soacouda,MO,11/17/1975
Ahcus Glen,Zecurudo,LA,06/05/1973
Vuzu Terrace,Nubifuka,IN,10/22/2035
Hihac Avenue,Zedakaoki,SD,06/19/2029
Dofze Circle,Vadawtad,AR,10/04/1927
Ahijup Glen,Jitawoaz,NC,08/22/1986
Disa Way,Lajile,AR,03/22/2041
Havos Place,Taogaub,MA,08/31/2036
Suvas Heights,Jafuho,NC,11/29/1992
Taid Trail,Eteodawo,CT,09/23/1985
Koto Pass,Folmelfe,AZ,02/22/1908
Jiro Park,Zewjodkah,OK,05/30/1966
Ovomi Boulevard,Ezparzi,FL,08/06/1914
Kihizu Parkway,Viratofi,NJ,01/10/2009
Nima Turnpike,Dopefa,LA,05/04/2069
Tiwud Path,Ejakujo,NY,11/18/1900
Kehi Grove,Fejbofi,OR,01/25/1917
Gucac Circle,Perfogmab,PA,11/15/1946
Vusim Lane,Figmurce,PA,02/13/1941
Zaacu Avenue,Pobzujkak,RI,03/22/1927
Cetik Pike,Ocpazri,VT,07/08/2026
Upega Plaza,Fuzwoku,SC,03/16/1901
Farupi Manor,Dobtejsu,NV,08/03/1990
Ejoju Terrace,Kaespat,MN,06/05/1937
Gobak Boulevard,Bipejub,WV,12/03/2020
Gafuz Extension,Moizcuh,IN,10/04/1981
Ajbem Manor,Legpehno,NM,09/10/2069
Nasit Boulevard,Humuhad,CA,05/27/1916
Argit Pike,Uveasek,KY,08/19/1946
Vitoh Plaza,Emikmem,VA,08/10/1976
Cola Loop,Migveup,ID,12/10/1933
Awwuc Junction,Ektafevi,NV,07/20/1905
Redwef Park,Asnujo,CT,12/01/1941
Ohnec Grove,Fasgiwse,IN,05/29/2067
Hipjin Drive,Mejusdo,MO,03/30/1919
Inpeb Key,Umesudo,MN,08/19/2065
Uruvig Path,Cilsawnil,NM,09/24/2062
Ehehev Point,Ewigowgic,WY,10/01/1942
Oseude Key,Afaajuzod,AR,12/28/1990
Folol Turnpike,Sufopifev,SC,08/16/2067
Rofe Ridge,Busnago,ND,05/02/1930
Hofad Avenue,Honjiruz,TN,06/21/2008
Epbe Lane,Romviduz,CT,08/06/1984
Hihof Turnpike,Evapobas,NE,12/01/1952
Woega View,Vubbaca,AR,11/08/1906
Oprik Terrace,Kacedodi,AK,08/29/1909
Elem Circle,Olpevel,KS,10/19/1926
Boci Avenue,Gunefut,WI,11/26/1942
Ogli Glen,Natalvuz,VT,10/08/2006
Ivfi Road,Oblokfob,PA,12/31/1998
Comsen Point,Agfawdo,TN,06/05/2052
Riizi Turnpike,Pikimigi,MS,01/08/1910
Babhof Drive,Gephoave,NH,01/24/1906
Irokec Heights,Ecfaza,MA,04/15/2057
Ruccil Park,Rolaforo,NJ,02/05/2023
Gewse Junction,Kokizbe,WI,04/14/2058
Tewvat Drive,Ojdapsi,ND,01/17/2064
Dadef Point,Divcufo,VA,03/26/2043
Wiphat Place,Ohbugom,IN,08/05/1972
Fauso Highway,Panzaoc,GA,02/18/2049
Ruepa Square,Vegtirrib,MI,03/24/1903
Lunin Place,Hafivaz,NY,12/20/1943
Ocrim Terrace,Fisnajsan,NC,03/23/1987
Meema Center,Bozenrug,OH,04/05/2031
Fozfis Mill,Sepsinup,MT,08/09/1934
Repko Heights,Juwbiini,TX,04/05/2062
Mupe Center,Fumjeldas,MO,12/17/2066
Toha Pass,Igcakih,MO,12/25/2017
Topor Path,Ladigop,NE,11/06/1982
Ehunup Pass,Dudgovluz,KS,07/23/1962
Uzdaz Road,Butuletac,MO,02/14/1977
Tuci Key,Izugpa,ND,04/01/2000
Tiltu Square,Miweji,IL,10/18/2058
Birgeh Heights,Husuwnu,OH,07/26/2045
Virkub Plaza,Osmudup,MI,04/24/1969
Zokuk Street,Ezoawuvo,DC,09/22/2020
Huhoc Key,Alimuzif,CO,08/26/1919
Zevib Junction,Zososamo,NC,07/30/1934
Eluco Point,Pussihve,IA,02/25/2002
Mihnon Terrace,Bukohi,RI,09/20/1979
Gazwum Park,Ozaocagum,HI,12/12/1929
Romor River,Vusapda,IA,12/17/1906
Ciigi Pass,Ajamawfoc,RI,10/05/2004
Ziliz Mill,Ragzovis,KS,07/01/1938
Moopo Avenue,Tuhate,DE,05/19/1907
Rewgu Ridge,Cufived,NJ,01/26/2004
Jiveh Square,Bafojvo,FL,03/15/2045
Kowe Square,Wizobhah,FL,12/24/1970
Tolwek Extension,Tohocetu,AL,01/14/2019
Uhti Lane,Sicduko,GA,02/22/1907
Pobes Drive,Muwezik,WI,02/28/2011
Gimtim Extension,Ukuvuvuw,ID,06/16/2028
Cupjej Square,Wankahof,UT,07/26/1933
Hofad Lane,Wohoac,GA,06/06/2062
Canhi Park,Fezkovo,WI,04/22/1999
Zucib Parkway,Geblofi,IA,06/17/1930
Virih Way,Jerkule,NE,03/01/2014
Ronire Park,Okuficoc,ND,08/31/2005
Sipari Ridge,Jecemub,SD,01/13/1942
Lertew Square,Ikoviroh,MS,11/16/1944
Doku Heights,Mafimro,MO,08/22/2021
Dizkat Ridge,Civobwo,MS,12/11/1941
Esibi Manor,Toadijac,AZ,06/28/2026
Ebaib Parkway,Tonepusan,PA,07/17/1944
Cokcol Path,Velopah,IN,02/21/1926
Ahosu Ridge,Vamikte,NY,07/29/2054
Ebare Point,Ubobucfin,DE,01/11/1966
Ruju Ridge,Megagcas,NC,12/04/1941
Togi Park,Joriec,VT,07/15/2029
Ozowi Circle,Korzehhe,IA,09/14/2063
Iwuv Road,Nusnismi,NH,06/02/1945
Memoc Pass,Vosidro,NJ,04/21/1962
Bulom Square,Tolovet,KY,03/10/2045
Amiova Park,Zusvuham,LA,01/10/1927
Dewvu View,Biketju,IA,11/19/1931
Hajur Street,Nemsucani,NE,04/30/2008
Doli Turnpike,Evahonoc,PA,05/21/1983
Pujak Trail,Ubcugu,HI,04/16/2027
Kipufa River,Wewerog,WA,12/27/1953
Iwdun River,Sufogtoc,NY,02/16/2024
Zozhep Park,Maljevgam,OH,01/31/1952
Gaero Point,Nofajwud,DE,06/09/2060
Bikfo Pike,Iwmakok,DC,09/21/2044
Deinu Pass,Vusnifgad,NJ,02/16/2010
Hepud Boulevard,Hitunofi,OK,01/20/2009
Gora Court,Ujoiwuru,PA,05/15/2055
Nose Place,Imemowuj,NY,05/08/2055
Olzuk Drive,Topudjus,UT,02/13/1991
Webba Lane,Gonappac,NC,02/19/1908
Gitofi Road,Wazopitoh,DC,08/28/1928
Gaco Court,Utacha,OR,09/15/1904
Bariz Mill,Genbofrif,WA,04/03/1969
Caztug River,Ifsonwih,SC,06/09/2066
Neoj Grove,Tiraila,ME,09/12/2030
Jubin Place,Punhodavi,MO,01/02/2000
Wicbo Extension,Rateezi,TN,03/19/1952
Cojam Lane,Duhihuj,AR,12/25/2030
Bojpu Pike,Oboogka,MD,09/16/1992
Sodjob Drive,Zazaffi,NM,11/05/1974
Biaj Boulevard,Bihwavde,AK,08/16/2029
Tunu Street,Duittu,WY,07/20/1923
Vugit Parkway,Olsoplod,DE,03/02/1978
Cukke Grove,Vofucih,PA,09/30/2051
Dofam Highway,Nehulgu,NC,05/14/1973
Zufet Square,Fahvoduvo,PA,03/29/1922
Fibte Highway,Ufetogfap,CA,09/22/1931
Puwve Court,Kuvgibzo,MN,02/05/1981
Teder Square,Ciwovlaf,IA,08/24/1977
Raida Loop,Dunlumbi,MN,02/07/1968
Ofosap Grove,Fiwarlac,ID,05/25/2014
Utifo Trail,Gamsentem,RI,08/06/1933
Vumduw Circle,Muacalo,LA,12/19/2042
Ozorof Loop,Bicevas,NV,11/09/2022
Emagis Road,Tuenec,LA,09/23/1928
Homoc Drive,Ponluuh,AZ,06/30/1982
Omefi Manor,Puguelo,OK,06/12/2052
Dokre Trail,Binviok,GA,03/18/1999
Lina Parkway,Jiofalol,NJ,03/20/1920
Zorre Pike,Wowhofrek,DE,09/25/2047
Omme Drive,Zohduas,WI,10/02/1973
Taza Boulevard,Diptolu,WA,12/07/2018
Jupone Avenue,Inerimpe,AK,09/10/2064
Pinvo Trail,Anceapu,MT,04/24/1941
Uprih Circle,Vuldina,IL,06/04/1969
Muhig Manor,Jizicge,IL,12/01/2060
Nosa Trail,Ufuseme,WY,12/22/1933
Osisa Place,Tiameit,SD,03/12/2033
Vekto Parkway,Barsapgo,NM,05/08/1970
Melwev Point,Owiofpe,WY,04/04/1910
Venaz Street,Kowbupa,TN,11/06/1969
Vumbum Boulevard,Zikfafhiw,TN,07/08/1912
Ilkuj Court,Nutlikej,MN,04/14/1983
Suhif Path,Inuheba,KY,12/28/2064
Zomjiw Pike,Erolawe,AR,05/26/2012
Gisa Manor,Guktusbe,ID,12/15/1921
Kafze Junction,Colibifu,MI,07/17/1991
Numave Extension,Risarus,OR,01/06/1945
Rizzo River,Editogo,NV,01/08/2006
Diwer Avenue,Cuclisoz,MA,05/12/1907
Vuwih Junction,Tubanmi,NV,06/05/2044
Pagzok Road,Rivzomcup,FL,05/04/2037
Danut Park,Toguplo,NH,03/14/2066
Pota Avenue,Teleaga,MN,10/15/2021
Fepez Trail,Foidsa,AZ,01/13/1927
Mamgor Pike,Tiflavih,NC,05/06/1921
Dire Glen,Luvfuzon,AZ,06/04/1993
Mahzev Street,Coguzac,NJ,06/14/1912
Cudkom Court,Muwavu,MA,01/07/2010
Fiak Road,Amawide,NV,03/08/2045
Pehu Parkway,Mifpimot,MA,10/26/2008
Animi Key,Zutebehu,IL,09/07/1977
Caehu Street,Poufajo,MD,06/07/1926
Unauwu Heights,Jubihugo,DC,08/06/1964
Muja Highway,Googko,CT,10/08/2032
Duef River,Ewuhichi,NM,09/16/2021
Tudu Junction,Junirviz,LA,06/01/2010
Rizwuv Ridge,Deponku,UT,06/22/2042
Ucnef Ridge,Awmoij,WA,01/26/1904
Webe Highway,Ezoirka,KS,01/21/2068
Ibudad Extension,Fudujnur,VA,07/05/1901
Bedet Boulevard,Efukiluw,KS,12/27/1900
Miful Terrace,Ejejehoj,MO,11/06/2050
Dadjod River,Livropgu,OR,06/26/2032
Sune Pike,Coppufce,IN,04/02/2061
Udama Court,Emejivce,OH,12/31/2008
Hapiv Terrace,Kikolaja,WI,07/06/1928
Daruh Mill,Wijefab,MI,11/27/2017
Wakil Loop,Cakeben,KS,05/28/1961
Cezin Pike,Huweras,TX,04/10/1909
Dofi Heights,Sasecek,MA,02/19/1980
Akso Plaza,Zuggoobi,NE,03/23/1920
Geewi Court,Icemojwa,NE,02/28/2049
Fiwkin Center,Hetgakved,OK,11/26/2006
Vizaz Key,Finipu,WA,01/16/1900
Biji Junction,Orotonit,OH,03/23/1952
Imeno Road,Zijnudep,DC,01/19/2058
Lagpos Drive,Seguhsap,MA,02/05/1988
Unlip Manor,Sutehtek,ND,11/30/1919
Lodebe Pike,Zenokola,OR,09/28/2065
Mamvu Park,Epesguc,NC,10/19/1976
Colo Glen,Zeslakle,IL,11/19/2042
Zuduka Circle,Vezzuaj,IL,06/16/2052
Cisef Terrace,Jooneimi,AZ,06/30/2043
Hanni Ridge,Supiwe,NC,07/17/1908
Liskub Turnpike,Komgiun,PA,06/10/2016
Harvaw Circle,Voponi,MI,11/24/1963
Mogli Point,Udmiza,LA,08/26/1998
Erfo River,Savtopik,WY,07/15/1920
Furih Pike,Odunitu,OK,03/07/2046
Niar River,Ecuweda,IN,09/26/1991
Uzfef Point,Ulvupgoc,NE,07/24/1973
Okiuja Lane,Wadaba,NY,03/06/1982
Obude Mill,Ibajarwuz,MI,09/13/1924
Cibol Grove,Zefcepu,FL,06/01/2063
Ersi Terrace,Rikuuli,MD,12/15/1909
Vaop Square,Icsodo,IL,07/22/2007
Zubi Circle,Ruksaziv,MI,05/02/2039
Weiru Ridge,Gajeaj,OR,01/15/2008
Emumo Way,Jaetope,ME,10/15/1978
Meje View,Losiwiw,ND,10/29/1954
Ituil Ridge,Cuguzoj,MT,01/30/1901
Vovam Road,Hejephoc,NY,04/06/2063
Cawi Pike,Nejsamju,KS,01/11/2001
Bimuc Point,Hubjimlur,IA,08/20/1980
Cojal Park,Vevijna,NC,07/18/1980
Deru Trail,Ocazupset,NE,07/11/1999
Duvid Point,Vubebhus,ME,12/08/2034
Hocek Parkway,Louvda,IL,03/07/2065
Fosom Avenue,Covedru,SD,05/16/1901
Uzak Terrace,Lujcegka,ND,12/07/2004
Zudir Point,Imarezu,MI,10/06/1909
Womuj Ridge,Jubugig,CO,01/21/2061
Machi Street,Ipveag,NM,12/11/1943
Ecehi Way,Hefodi,NH,10/09/1945
Guwgo Loop,Wukipel,AZ,05/25/1908
Igwiv Turnpike,Towsuwtu,IL,01/01/1949
Pirir Path,Ukuimewu,MT,05/05/2058
Cuweh Point,Vifvojo,SD,04/16/1998
Zojpu Highway,Sesjepep,KS,02/02/1941
Tabeh Plaza,Wirboziz,NJ,01/27/2035
Isedad Road,Tailewi,NJ,04/26/1927
Etonof Ridge,Nortavu,WY,11/26/1942
Ezeba Path,Ubabemek,AR,04/14/1963
Lubvo River,Olmaspac,MI,08/22/1944
Tidca Extension,Azaviruf,NJ,08/07/2001
Eluwok Pike,Mikkobi,NM,11/12/1958
Talvi Loop,Kazdidab,MI,05/17/1990
Jibvo Drive,Aflepo,DE,12/26/2066
Bohoz Parkway,Arazasip,AZ,09/12/1908
Ebesal Parkway,Vazcekup,RI,01/26/1934
Cavlo Boulevard,Pojerdu,NE,09/30/1962
Kagubi Court,Juunuzej,CT,07/26/1910
Suivu Plaza,Mofuvi,MO,02/19/1988
Fubgu Street,Bupcaho,SD,02/21/1919
Fouco River,Bensove,WY,08/01/1907
Kealu Glen,Vomagotis,AZ,02/03/2052
Ujhub Plaza,Vuhcegluh,AL,05/12/2069
Mecbon Place,Fogujeva,NE,02/17/2012
Nejdag Turnpike,Cizewol,AL,10/05/2058
Riej Grove,Neppeple,HI,08/16/1922
Buja Road,Vefabe,WA,02/21/2026
Jesup Square,Mofaeji,FL,10/13/1922
Koen Extension,Ozarvo,WA,06/23/2041
Ohban Circle,Kavibken,AL,05/22/1912
Cueti Drive,Poacuwa,AR,03/04/1906
Devi Path,Arokihu,NJ,08/18/2009
Wuduv Ridge,Bufevon,WY,01/05/2026
Barok Loop,Juurwew,MI,12/28/2040
Jobal Loop,Hilungam,AZ,01/12/1955
Riwwi Way,Tofnifvi,NY,09/03/1959
Sawke Center,Vuzwegu,TN,11/06/1936
Fefe Path,Lukafdud,VA,01/14/1954
Alcid Trail,Lagatozi,NC,10/02/1929
Laew Street,Guhinmu,SC,01/04/1936
Bowcoz Avenue,Daefiip,SD,09/26/2006
Viow Heights,Mupifojam,TX,06/04/2052
Jage Place,Digirpek,MI,09/27/2026
Ricfoh Square,Ipcakme,RI,10/16/2017
Sakeb Key,Geatle,CT,08/31/2066
Kawjo Highway,Laglifu,NJ,11/11/1926
Avtu Park,Gudutgok,AZ,07/06/2023
Seece Point,Adolitvil,AR,05/07/1908
Mufor Heights,Nidcuva,NJ,11/26/2011
Envah Highway,Kesutcif,IL,12/02/2034
Tolem Circle,Udduzip,AZ,09/11/2049
Fawap Square,Jirujgu,WA,02/10/1997
Kero Lane,Cuvozcuh,CA,09/10/2012
Nuzza Loop,Neoluuv,OK,06/21/1929
Nokpij Street,Ocugtih,NH,12/29/1908
Tibuwo Avenue,Fecerra,CA,12/13/2067
Nihci Path,Lapunus,OK,06/03/2057
Heocu Heights,Caseti,AZ,01/07/2015
Zuzuw River,Nerezjun,AR,08/13/2022
Taso Mill,Bojcikzak,MN,02/08/2031
Tanzo Ridge,Evulewun,MN,05/12/1966
Mozof Ridge,Dihwelete,OH,04/23/2009
Anvic Street,Cembajcem,CA,05/23/1912
Vozug Pass,Liwuno,VT,01/06/2029
Ziczi Path,Rotmadew,RI,10/26/2000
Uwpa Pass,Ukjevle,NM,07/18/1939
Sezcek Turnpike,Juvfomi,ME,12/10/2057
Edupo Highway,Izelivdi,NM,05/05/2013
Ivufus Court,Ipizeve,ID,06/02/2008
Usamuv Glen,Titewme,MS,11/14/2022
Bemuh Pass,Focirma,PA,04/12/1930
Sisa Pike,Loheker,TN,02/08/2025
Hour Manor,Littukmuc,NH,01/25/1965
Papar Trail,Lenecna,AL,10/04/1907
Bijma Center,Copake,MS,10/29/2040
Vuuh Mill,Ahaulgiv,ID,05/21/2037
Zuoz Path,Ajoublus,SD,10/18/1943
Jajnan Manor,Jewwiote,MA,06/11/2029
Fium Ridge,Ulorideh,GA,08/17/1907
Kisor Street,Uznammi,ID,09/18/1918
Entu Loop,Webatuze,NH,09/07/1984
Tulnet Grove,Bofaluzi,NV,03/30/2053
Zotuzo Manor,Buzekki,OK,09/29/1923
Nohug View,Foolakob,IA,09/21/1952
Locvek Place,Utuawcut,IA,10/21/2046
Esaeb Junction,Surossoc,NM,05/28/2043
Cipa Highway,Arugiur,NJ,01/03/1923
Winpuf Road,Ozfauc,TN,04/23/2067
Nehija Pike,Ebaivlo,KS,08/28/1932
Daido Glen,Ihuopeeb,TX,10/22/2035
Wizlo Circle,Mihatmu,UT,08/29/1985
Girfa Manor,Atagetub,KS,01/12/1995
Tabbe Plaza,Wuozivav,VT,09/03/1938
Aggih Path,Iwapicob,IA,11/17/2036
Ucgaz Point,Zitcetiro,KS,02/01/1948
Cufow Street,Pafornac,NC,10/29/1913
Fidub Junction,Bomojga,VT,02/10/1928
Rale Heights,Otelazuf,NM,06/22/1906
Zukah Court,Egileca,NC,10/18/2051
Puwo Street,Lukjapne,ND,02/05/2019
Kutzi Key,Uvalige,WI,04/22/1996
Kekmem Place,Rervozzun,MI,11/10/2070
Zahlad Square,Sibaga,MA,02/22/2056
Cira Street,Cewebma,IL,05/15/2029
Telor Court,Judankib,ND,01/29/2020
Wozzah Avenue,Wuumeti,NC,06/29/1909
Diwzo Parkway,Wotijas,NE,11/01/2041
Nopin Street,Egujolo,NE,03/13/1953
Efodi Plaza,Rutovube,TN,03/24/1943
Sejrir Avenue,Zajehci,NM,04/06/2028
Johvez Drive,Giseremud,MA,12/31/2004
Gusedu Center,Ketarauga,NY,01/08/1943
Pepano Parkway,Erikahke,WY,03/31/1933
Gorle Pike,Moovdu,CO,07/25/2024
Uvov Turnpike,Melokera,AL,01/23/1972
Upja Loop,Gemirbas,NJ,02/11/2068
Ewihi Junction,Fosidinem,DC,09/10/2003
Vilno Pike,Vovnuama,OH,11/03/1901
Jodav Drive,Mibbumpos,MD,06/16/2059
Gocdah Place,Ropilova,CO,07/13/1968
Janas Boulevard,Tuumali,KY,01/19/1953
Isge Road,Kiwahis,TN,09/01/1903
Puwoc Court,Etipamon,MA,03/06/1942
Wobab Grove,Bodozi,WA,11/22/2009
Sagud Mill,Ilararlu,VT,03/29/1935
Wondul Highway,Zohcerfo,CT,12/17/2057
Mibpa Highway,Leolla,AR,09/27/2002
Uneoro Key,Nihopa,KS,09/27/1937
Pohus Manor,Sakmodgop,OR,11/17/2043
Eseba Center,Ceztugri,NV,04/03/2041
Wuruci Plaza,Wetaigo,NH,05/09/1929
Vaoha View,Havahav,MD,12/31/2070
Afoke Avenue,Ikfuvul,NJ,12/21/1907
Elehec Manor,Nibzuuve,NH,12/02/2047
Cedic Park,Ewdecmo,MN,07/14/1904
Ehiitu Road,Fukile,CO,11/08/2061
Zuvpi Turnpike,Tikuur,LA,04/29/2067
Japi Highway,Guahaliv,PA,02/15/1910
Icevew Place,Uhaokawi,OR,06/21/1911
Odluk Manor,Nukideh,WI,08/10/2017
Lubiz Point,Piigupel,MD,04/09/2000
Ceno Road,Rukmakman,NH,03/04/1919
Necava Pass,Uzoisaig,IN,03/09/1928
Vagup Manor,Pennutam,CO,06/08/2058
Mika Trail,Obvudu,MO,03/20/2016
Kasju Plaza,Naknidnu,NC,09/12/1952
Bair Park,Zereza,AR,04/27/2010
Besed Plaza,Cijetoke,NE,03/31/1994
Icek Center,Rewmozota,SC,04/07/1977
Hogve Grove,Cufevadat,NJ,03/23/2029
Gasun Ridge,Dosofut,HI,09/04/1933
Ufeh Heights,Dehcuozi,NJ,07/26/1989
Razguf Path,Etkuef,MA,04/19/1918
Napod Key,Dohgime,RI,10/01/1908
Pawi Junction,Cacitema,TX,06/18/1943
Holij Turnpike,Sunrema,GA,03/07/2052
Mufcid Path,Dagaju,IA,03/11/2000
Wimot Mill,Gavelik,MI,09/26/1916
Nojik Park,Mufewegah,IN,10/01/1907
Veub View,Izalowwow,SD,07/26/1923
Saepo Way,Wazornag,GA,04/07/1921
Othoj Center,Fuwhatah,OK,07/02/1955
Jajal Center,Razalus,TX,09/23/1965
Fium Park,Cohruvvar,IL,09/19/1995
Sircic Court,Henvooz,HI,10/12/1974
Ojfi Manor,Hugazki,OK,08/09/1918
Upeco Glen,Ugicete,NE,12/14/1969
Jujmi Key,Caepebi,IL,09/21/1921
Fuklik Park,Wopneube,OR,12/25/1915
Razuz Ridge,Iferosso,ID,12/20/2001
Patipu Center,Raobri,CO,09/18/2049
Kowene Terrace,Tadaheg,TN,07/12/1987
Rure Trail,Vuwhubot,NJ,07/26/2065
Jamre Highway,Lehopi,DC,01/22/2033
